{
  "swe-agent-llama-70b": {
    "n": 10,
    "avg_steps": 14.6,
    "avg_regex_errors": 3.2,
    "avg_llm_errors": 20.4,
    "regex_per_step": 0.2191780821917808,
    "llm_per_step": 1.3972602739726028,
    "avg_agreement_rate": 70.84410256410256,
    "total_regex": 32,
    "total_llm": 204,
    "total_steps": 146
  },
  "swe-agent-llama-8b": {
    "n": 1,
    "avg_steps": 13.0,
    "avg_regex_errors": 3.0,
    "avg_llm_errors": 22.0,
    "regex_per_step": 0.23076923076923078,
    "llm_per_step": 1.6923076923076923,
    "avg_agreement_rate": 70.76923076923077,
    "total_regex": 3,
    "total_llm": 22,
    "total_steps": 13
  }
}